id,observed_on_string,observed_on,quality_grade,license,latitude,longitude,positional_accuracy,scientific_name,common_name
621484,4/12/2014 16:09,4/12/2014,research,CC-BY-NC,35.511898,-93.32338,27,Danaus plexippus,Monarch
768989,6/29/2014,6/29/2014,research,CC-BY-NC,35.513389,-93.326598,3,Danaus plexippus,Monarch
837014,8/17/2014,8/17/2014,research,CC-BY-NC,35.50759,-93.315497,13,Danaus plexippus,Monarch
866569,9/7/2014,9/7/2014,research,CC-BY-NC,35.512094,-93.32647,27,Danaus plexippus,Monarch
875141,9/13/2014,9/13/2014,research,CC-BY-NC,35.513659,-93.318597,3,Danaus plexippus,Monarch
1037595,10/25/2014,10/25/2014,research,CC-BY-NC,35.513604,-93.317261,6,Danaus plexippus,Monarch
1928642,9/7/2015,9/7/2015,research,CC-BY-NC,35.508247,-93.320848,27,Danaus plexippus,Monarch
1942210,9/12/2015 17:06,9/12/2015,research,CC-BY-NC,35.509889,-93.323635,13,Danaus plexippus,Monarch
1965231,9/19/2015 17:22,9/19/2015,research,CC-BY-NC,35.508889,-93.316635,13,Danaus plexippus,Monarch
1965232,9/19/2015 17:27,9/19/2015,research,CC-BY-NC,35.509564,-93.316623,6,Danaus plexippus,Monarch
2004018,9/26/2015 16:20,9/26/2015,research,CC-BY-NC,35.511343,-93.316539,6,Danaus plexippus,Monarch
2005091,9/26/2015 16:04,9/26/2015,research,CC-BY-NC,35.509531,-93.316621,27,Danaus plexippus,Monarch
2074300,10/3/2015 15:09,10/3/2015,research,CC-BY-NC,35.504933,-93.313173,6,Danaus plexippus,Monarch
2091530,10/9/2015 16:20,10/9/2015,research,CC-BY-NC,35.513079,-93.322583,3,Danaus plexippus,Monarch
3444414,6/12/2016 11:04,6/12/2016,research,CC-BY-NC,35.509435,-93.323535,,Danaus plexippus,Monarch
3984151,8/28/2016 18:10,8/28/2016,research,CC-BY-NC,35.509435,-93.321572,,Danaus plexippus,Monarch
4026995,9/3/2016 10:54,9/3/2016,research,CC-BY-NC,35.509688,-93.322463,,Danaus plexippus,Monarch
4026996,9/3/2016 10:42,9/3/2016,research,CC-BY-NC,35.508063,-93.320875,,Danaus plexippus,Monarch
4026997,9/3/2016 7:50,9/3/2016,research,CC-BY-NC,35.508063,-93.320875,,Danaus plexippus,Monarch
5629493,4/9/2017 11:34,4/9/2017,research,CC-BY-NC,35.506884,-93.316433,,Danaus plexippus,Monarch
7355013,8/2/2017 19:12,8/2/2017,research,CC-BY-NC,35.513618,-93.3264,,Danaus plexippus,Monarch
7400741,2017/08/06 2:18 AM CDT,8/6/2017,research,CC-BY-NC,35.5154007,-93.3256099,2934,Danaus plexippus,Monarch
7535241,8/12/2017 18:51,8/12/2017,research,CC-BY-NC,35.512858,-93.323342,,Danaus plexippus,Monarch
7535242,8/12/2017 17:49,8/12/2017,research,CC-BY-NC,35.508753,-93.321368,,Danaus plexippus,Monarch
7544148,8/14/2017,8/14/2017,casual,CC-BY-NC,35.080691,-92.193661,,Danaus plexippus,Monarch
7604645,8/21/2017,8/21/2017,research,CC-BY-NC,34.7532206,-92.3236454,,Danaus plexippus,Monarch
7631385,8/23/2017,8/23/2017,casual,CC-BY-NC,35.030646,-92.232398,435,Danaus plexippus,Monarch
7644540,8/21/2017,8/21/2017,research,CC-BY-NC,35.256466,-91.77397,,Danaus plexippus,Monarch
7646154,2017/08/24 11:57 AM CDT,8/24/2017,research,CC-BY-NC,35.3349543,-94.2971119,193,Danaus plexippus,Monarch
7656535,2016/10/30 2:19 PM CDT,10/30/2016,research,CC-BY-NC,34.897102,-92.659634,193,Danaus plexippus,Monarch
7667398,8/26/2017,8/26/2017,research,CC-BY-NC,36.078056,-94.116509,,Danaus plexippus,Monarch
7667401,8/26/2017,8/26/2017,casual,CC-BY-NC,36.078056,-94.116509,,Danaus plexippus,Monarch
7674530,2017/08/18 12:35 PM CDT,8/18/2017,research,CC-BY-NC,35.6486962,-94.3946578,1762,Danaus plexippus,Monarch
7680350,Sun Aug 27 2017 15:26:39 GMT-0500 (CDT),8/27/2017,research,CC-BY-NC,36.04176303,-94.1246958,40211,Danaus plexippus,Monarch
7680419,Sun Aug 27 2017 15:26:14 GMT-0500 (CDT),8/27/2017,research,CC-BY-NC,36.07872104,-94.1813053,501,Danaus plexippus,Monarch
7687162,8/27/2017,8/27/2017,casual,CC-BY-NC,35.252225,-91.793251,,Danaus plexippus,Monarch
7689959,8/23/2017,8/23/2017,casual,CC-BY-NC,36.253133,-94.251709,,Danaus plexippus,Monarch
7689961,8/23/2017,8/23/2017,casual,CC-BY-NC,36.253133,-94.251709,,Danaus plexippus,Monarch
7689977,8/27/2017,8/27/2017,casual,CC-BY-NC,36.031332,-93.433228,56383,Danaus plexippus,Monarch
7689979,8/27/2017,8/27/2017,casual,CC-BY-NC,36.031332,-93.433228,56383,Danaus plexippus,Monarch
7690001,8/27/2017,8/27/2017,casual,CC-BY-NC,36.200512,-94.219437,3432,Danaus plexippus,Monarch
7690129,8/19/2017,8/19/2017,casual,CC-BY-NC,34.480681,-93.220539,219,Danaus plexippus,Monarch
7690169,8/26/2017,8/26/2017,casual,CC-BY-NC,34.480681,-93.220539,219,Danaus plexippus,Monarch
7692433,8/20/2017,8/20/2017,research,CC-BY-NC,34.887057,-92.095642,1743,Danaus plexippus,Monarch
7692521,8/27/2017,8/27/2017,research,CC-BY-NC,34.860017,-92.095642,6982,Danaus plexippus,Monarch
7701381,8/27/2017,8/27/2017,casual,CC-BY-NC-SA,36.072867,-94.160731,13,Danaus plexippus,Monarch
7701436,8/28/2017,8/28/2017,casual,CC-BY-NC-SA,36.06203,-94.169328,26,Danaus plexippus,Monarch
7762194,9/2/2017 15:24,9/2/2017,research,CC-BY-NC,35.509539,-93.322613,,Danaus plexippus,Monarch
7762195,9/2/2017 15:20,9/2/2017,research,CC-BY-NC,35.509347,-93.322527,,Danaus plexippus,Monarch
7776974,Sun Sep 03 2017 15:40:36 GMT-0500 (CDT),9/3/2017,research,CC-BY-NC,36.20422,-94.22724167,,Danaus plexippus,Monarch
7779922,2017/09/04 6:39 AM UTC,9/4/2017,research,,34.807962,-92.215618,183,Danaus plexippus,Monarch
7795310,8/24/2017,8/24/2017,casual,CC-BY-NC,33.985262,-91.328616,220,Danaus plexippus,Monarch
7802963,9/2/2017,9/2/2017,research,CC-BY-NC,36.417829,-92.939186,855,Danaus plexippus,Monarch
7806620,9/5/2017,9/5/2017,casual,CC-BY-NC,36.185966,-94.44397,4068,Danaus plexippus,Monarch
7818988,8/3/2017,8/3/2017,research,CC-BY-NC,34.551939,-92.339873,27,Danaus plexippus,Monarch
7834393,7/29/2017,7/29/2017,research,CC-BY-NC,34.81033706,-92.29035947,,Danaus plexippus,Monarch
7835436,9/13/2017,9/13/2017,research,CC-BY-NC,34.73910513,-92.4076125,26,Danaus plexippus,Monarch
7843862,9/9/2017,9/9/2017,casual,CC-BY-NC,34.846839,-92.5495122,,Danaus plexippus,Monarch
7846706,2017/09/07 10:54 AM CDT,9/7/2017,research,CC-BY-NC,35.3854673,-93.190979,7813,Danaus plexippus,Monarch
7846707,2017/09/07 11:07 AM CDT,9/7/2017,research,CC-BY-NC,35.3397743,-93.24783325,1953,Danaus plexippus,Monarch
7846708,2017/09/07 10:56 AM CDT,9/7/2017,research,CC-BY-NC,35.34873575,-93.25332642,1953,Danaus plexippus,Monarch
7846709,2017/09/07 12:42 PM CDT,9/7/2017,research,CC-BY-NC,35.35993616,-93.26019287,1953,Danaus plexippus,Monarch
7846711,2017/09/07 12:42 PM CDT,9/7/2017,research,CC-BY-NC,35.34313496,-93.24920654,1953,Danaus plexippus,Monarch
7846712,2017/09/07 12:43 PM CDT,9/7/2017,research,CC-BY-NC,35.36044364,-93.26705933,1953,Danaus plexippus,Monarch
7846713,2017/09/07 12:48 PM CDT,9/7/2017,research,CC-BY-NC,35.34985586,-93.25332642,1953,Danaus plexippus,Monarch
7850218,Sat Sep 09 2017 15:57:38 GMT-0500 (CDT),9/9/2017,research,CC-BY-NC,36.20707167,-93.12123883,,Danaus plexippus,Monarch
7875956,8/18/2017,8/18/2017,research,CC-BY-NC,34.831963,-92.291267,1659,Danaus plexippus,Monarch
7883710,Mon Sep 11 2017 18:01:35 GMT-0500 (CDT),9/11/2017,research,CC-BY-NC,35.04164104,-92.35850701,11,Danaus plexippus,Monarch
7885045,9/10/2017 17:31,9/10/2017,research,CC-BY-NC,35.508631,-93.316411,,Danaus plexippus,Monarch
7885047,9/10/2017 17:26,9/10/2017,research,CC-BY-NC,35.508841,-93.321411,,Danaus plexippus,Monarch
7885050,9/10/2017 15:57,9/10/2017,research,CC-BY-NC,35.508841,-93.321411,,Danaus plexippus,Monarch
7885051,9/10/2017 15:38,9/10/2017,research,CC-BY-NC,35.508841,-93.321411,,Danaus plexippus,Monarch
7885052,9/10/2017 14:57,9/10/2017,research,CC-BY-NC,35.509679,-93.322441,,Danaus plexippus,Monarch
7895101,2017/09/11 2:00PM,9/11/2017,casual,CC-BY-NC,,,31,Danaus plexippus,Monarch
7895963,6/9/2017,6/9/2017,research,CC-BY-NC,34.451511,-92.736111,438,Danaus plexippus,Monarch
7897710,9/12/2017,9/12/2017,casual,CC-BY-NC,36.022447,-94.035416,3430,Danaus plexippus,Monarch
7897731,9/12/2017,9/12/2017,casual,CC-BY-NC,,,,Danaus plexippus,Monarch
7902001,Fri Sep 08 2017 07:24:53 GMT-0500 (CDT),9/8/2017,research,CC-BY-NC,36.07910833,-94.16349717,,Danaus plexippus,Monarch
7902041,Sat Sep 09 2017 12:42:27 GMT-0500 (CDT),9/9/2017,research,CC-BY-NC,36.0791144,-94.16350143,10,Danaus plexippus,Monarch
7902138,9/12/2017,9/12/2017,research,CC-BY-NC,36.29197,-93.028978,,Danaus plexippus,Monarch
7902244,8/29/2017,8/29/2017,research,CC-BY-NC,35.088696,-92.442101,12934,Danaus plexippus,Monarch
7902296,9/13/2017,9/13/2017,research,CC-BY-NC,36.328649,-94.269742,,Danaus plexippus,Monarch
7903886,9/13/2017,9/13/2017,research,CC-BY-NC,36.111978,-94.122243,192,Danaus plexippus,Monarch
7904080,9/9/2017,9/9/2017,research,CC-BY-NC,35.978006,-94.0979,55564,Danaus plexippus,Monarch
7904628,Thu Aug 10 2017 15:53:05 GMT-0500 (CDT),8/10/2017,research,CC-BY-NC,36.09747783,-94.1282195,,Danaus plexippus,Monarch
7907064,Wed Sep 13 2017 14:54:20 GMT-0500 (CDT),9/13/2017,research,,35.25216744,-91.79318491,44,Danaus plexippus,Monarch
7914242,"2017-09-13, 5:36 p.m.",9/13/2017,research,CC-BY-NC,35.143763,-92.415271,54,Danaus plexippus,Monarch
7915111,Thu Sep 14 2017 07:24:35 GMT-0500 (CDT),9/14/2017,research,CC-BY-NC,36.07913333,-94.1634445,,Danaus plexippus,Monarch
7915123,9/13/2017 14:00,9/13/2017,casual,CC-BY-NC,,,15,Danaus plexippus,Monarch
7915126,Thu Sep 14 2017 07:24:35 GMT-0500 (CDT),9/14/2017,research,CC-BY-NC,36.07913333,-94.1634445,,Danaus plexippus,Monarch
7915337,9/12/2017,9/12/2017,research,CC-BY-NC,34.824245,-92.283086,,Danaus plexippus,Monarch
7923105,9/14/2017,9/14/2017,research,CC-BY-NC-SA,36.061704,-94.169341,,Danaus plexippus,Monarch
7923991,9/12/2017,9/12/2017,research,CC-BY-NC,36.136513,-94.119354,53,Danaus plexippus,Monarch
7924093,9/14/2017,9/14/2017,research,CC-BY-NC,36.136513,-94.119354,53,Danaus plexippus,Monarch
7924284,9/10/2017,9/10/2017,casual,CC-BY-NC,,,,Danaus plexippus,Monarch
7928078,9/12/2017,9/12/2017,research,CC-BY-NC,35.137634,-92.945538,,Danaus plexippus,Monarch
7928088,9/12/2017,9/12/2017,research,CC-BY-NC,35.137634,-92.945538,,Danaus plexippus,Monarch
7938953,2017/09/13 6:22 PM CDT,9/13/2017,research,CC-BY-NC,35.51368379,-93.32619667,8,Danaus plexippus,Monarch
7938954,2017/09/13 6:20 PM CDT,9/13/2017,research,CC-BY-NC,35.51388574,-93.32610548,2,Danaus plexippus,Monarch
7938955,2017/09/13 6:18 PM CDT,9/13/2017,research,CC-BY-NC,35.51388356,-93.32611486,2,Danaus plexippus,Monarch
7938956,2017/09/13 6:17 PM CDT,9/13/2017,research,CC-BY-NC,35.51388574,-93.32611755,2,Danaus plexippus,Monarch
7938957,2017/09/13 6:16 PM CDT,9/13/2017,research,CC-BY-NC,35.51389011,-93.32611889,2,Danaus plexippus,Monarch
7938958,2017/09/13 6:16 PM CDT,9/13/2017,research,CC-BY-NC,35.51389994,-93.32610682,2,Danaus plexippus,Monarch
7938959,2017/09/13 6:14 PM CDT,9/13/2017,research,CC-BY-NC,35.51390539,-93.3261095,2,Danaus plexippus,Monarch
7938960,2017/09/13 6:15 PM CDT,9/13/2017,research,CC-BY-NC,35.51389448,-93.32611084,2,Danaus plexippus,Monarch
7943090,2017/09/15 09:00-10:30,9/15/2017,casual,CC-BY-NC,36.3495592,-92.63019562,244,Danaus plexippus,Monarch
7945498,Sat Sep 16 2017 09:54:29 GMT-0500 (CDT),9/16/2017,research,CC-BY-NC,36.20704167,-93.12122217,,Danaus plexippus,Monarch
7955166,Sat Sep 16 2017 18:52:28 GMT-0500 (CDT),9/16/2017,research,CC-BY-NC,35.81956333,-93.94687833,500,Danaus plexippus,Monarch
7969607,2017/09/16 6:17 PM CDT,9/16/2017,research,CC-BY-NC,35.51376676,-93.3261323,31,Danaus plexippus,Monarch
7978265,9/16/2017,9/16/2017,research,CC-BY-NC,34.702491,-92.511816,1914,Danaus plexippus,Monarch
7978279,9/17/2017,9/17/2017,casual,CC-BY-NC,34.702491,-92.511816,1914,Danaus plexippus,Monarch
7997346,9/19/2017,9/19/2017,research,CC-BY-NC,36.435631,-93.967437,16414,Danaus plexippus,Monarch
8000224,Tue Sep 19 2017 15:45:05 GMT-0500 (CDT),9/19/2017,research,CC-BY-NC-SA,36.06163991,-94.16936156,22,Danaus plexippus,Monarch
8023505,9/14/2017,9/14/2017,casual,CC-BY-NC,36.48574,-93.754404,,Danaus plexippus,Monarch
8036461,9/21/2017,9/21/2017,casual,CC-BY-NC,34.448071,-91.32146,54,Danaus plexippus,Monarch
8044412,Fri Sep 22 2017 07:37:49 GMT-0500 (CDT),9/22/2017,research,CC-BY-NC,36.07926667,-94.16348333,,Danaus plexippus,Monarch
8044422,Mon Sep 18 2017 09:07:17 GMT-0500 (CDT),9/18/2017,research,CC-BY-NC,36.079225,-94.16349717,,Danaus plexippus,Monarch
8044457,Thu Sep 21 2017 16:34:13 GMT-0500 (CDT),9/21/2017,research,CC-BY-NC,36.079125,-94.16332217,,Danaus plexippus,Monarch
8087359,9/23/2017,9/23/2017,casual,CC-BY-NC,35.303306,-94.336638,,Danaus plexippus,Monarch
8087395,9/24/2017,9/24/2017,casual,CC-BY-NC,36.342378,-92.382548,,Danaus plexippus,Monarch
8090931,9/22/2017,9/22/2017,casual,CC-BY-NC,33.199541,-91.169121,111,Danaus plexippus,Monarch
8091168,9/19/2017,9/19/2017,casual,CC-BY-NC,34.600207,-91.564071,109,Danaus plexippus,Monarch
8091254,9/19/2017,9/19/2017,casual,CC-BY-NC,35.676842,-91.76616,107,Danaus plexippus,Monarch
8091889,9/22/2017,9/22/2017,casual,CC-BY-NC,35.680629,-91.972089,215,Danaus plexippus,Monarch
8121570,2017/09/12 4:16 AM CDT,9/12/2017,research,CC-BY-NC,35.5154007,-93.3256099,2934,Danaus plexippus,Monarch
8136504,Wed Sep 27 2017 08:49:06 GMT-0500 (CDT),9/27/2017,research,CC-BY-NC,36.206955,-93.1213,,Danaus plexippus,Monarch
8171296,9/28/2017,9/28/2017,casual,CC-BY-NC,34.766938,-90.908633,194,Danaus plexippus,Monarch
8213191,10/1/2017,10/1/2017,research,CC-BY-NC,35.286775,-93.204811,6,Danaus plexippus,Monarch
8224112,10/1/2017,10/1/2017,research,CC-BY-NC,35.083602,-92.206664,,Danaus plexippus,Monarch
8234495,10/2/2017,10/2/2017,casual,CC-BY-NC,34.961987,-92.378758,27,Danaus plexippus,Monarch
8245244,August - September ,,casual,CC-BY-NC,38.022131,-93.493652,54943,Danaus plexippus,Monarch
8251774,10/3/2017,10/3/2017,casual,CC-BY-NC,34.751992,-92.282073,,Danaus plexippus,Monarch
8252354,10/4/2017,10/4/2017,casual,CC-BY-NC,34.751992,-92.282073,,Danaus plexippus,Monarch
8281027,10/4/2017,10/4/2017,casual,CC-BY-NC,34.961564,-92.378991,54,Danaus plexippus,Monarch
8281054,10/5/2017,10/5/2017,casual,CC-BY-NC,35.035349,-92.23212,54,Danaus plexippus,Monarch
8281065,10/5/2017,10/5/2017,casual,CC-BY-NC,36.152711,-94.108835,192,Danaus plexippus,Monarch
8285897,Sun Sep 03 2017 16:02:49 GMT-0500 (CDT),9/3/2017,research,CC-BY-NC,35.157161,-92.050989,56383,Danaus plexippus,Monarch
8310560,10/7/2017,10/7/2017,casual,CC-BY-NC-SA,36.097091,-94.133673,,Danaus plexippus,Monarch
8317155,2017-10-08 today at 11:01 a.m.,,casual,CC-BY-NC,36.049099,-94.361572,56383,Danaus plexippus,Monarch
8318254,Sun Oct 08 2017 16:44:18 GMT-0500 (CDT),10/8/2017,research,CC-BY-NC-SA,36.06164989,-94.16935933,22,Danaus plexippus,Monarch
8319672,2017-10-07 at 3:00 pm,10/7/2017,research,CC-BY-NC,36.136513,-94.119354,,Danaus plexippus,Monarch
8322756,2017/10/06 1:48 PM CDT,10/6/2017,research,CC-BY-NC,35.3349543,-94.2971119,193,Danaus plexippus,Monarch
8325124,10/6/2017,10/6/2017,research,CC-BY-NC,36.225665,-92.906012,,Danaus plexippus,Monarch
8325135,10/6/2017,10/6/2017,research,CC-BY-NC,35.82,-89.9308,,Danaus plexippus,Monarch
8325360,2017/10/08 11:50 AM CDT,10/8/2017,casual,CC-BY-NC,36.43668256,-92.65937805,637,Danaus plexippus,Monarch
8328977,Mon Oct 09 2017 13:04:38 GMT-0500 (CDT),10/9/2017,research,CC-BY-NC-SA,36.073542,-94.16061379,22,Danaus plexippus,Monarch
8329301,Mon Oct 09 2017 13:36:07 GMT-0500 (CDT),10/9/2017,research,CC-BY-NC-SA,36.07360464,-94.1639871,26,Danaus plexippus,Monarch
8339761,10/9/2017,10/9/2017,casual,CC-BY-NC,36.334833,-94.168925,13785,Danaus plexippus,Monarch
8357245,10/9/2017,10/9/2017,casual,CC-BY-NC,33.995777,-93.858245,13,Danaus plexippus,Monarch
8358017,9/25/2017,9/25/2017,casual,CC-BY-NC,35.349169,-94.320551,193,Danaus plexippus,Monarch
8358696,Sun Oct 01 2017 10:28:29 GMT-0500 (CDT),10/1/2017,research,CC-BY-NC,35.77901537,-94.25340707,22,Danaus plexippus,Monarch
8362351,10/11/2017,10/11/2017,casual,CC-BY-NC,36.246762,-90.96204,,Danaus plexippus,Monarch
8362477,10/11/2017 14:34,10/11/2017,casual,CC-BY-NC,36.4121307,-90.62444508,66,Danaus plexippus,Monarch
8364460,10/11/2017,10/11/2017,casual,CC-BY-NC,34.549037,-92.231255,56383,Danaus plexippus,Monarch
8366986,10/9/2017 15:00,10/9/2017,research,CC-BY-NC,35.509243,-93.322463,132,Danaus plexippus,Monarch
8366987,10/9/2017 15:00,10/9/2017,research,CC-BY-NC,35.509243,-93.322463,132,Danaus plexippus,Monarch
8366988,10/9/2017 14:59,10/9/2017,research,CC-BY-NC,35.509243,-93.322463,132,Danaus plexippus,Monarch
8366989,10/9/2017 14:51,10/9/2017,research,CC-BY-NC,35.509243,-93.322463,132,Danaus plexippus,Monarch
8366991,10/9/2017 14:49,10/9/2017,research,CC-BY-NC,35.509243,-93.322463,132,Danaus plexippus,Monarch
8366992,10/9/2017 14:45,10/9/2017,research,CC-BY-NC,35.509243,-93.322463,132,Danaus plexippus,Monarch
8366993,10/9/2017 14:24,10/9/2017,research,CC-BY-NC,35.509243,-93.322463,132,Danaus plexippus,Monarch
8366994,10/9/2017 14:15,10/9/2017,research,CC-BY-NC,35.509243,-93.322463,132,Danaus plexippus,Monarch
8366995,10/9/2017 14:13,10/9/2017,research,CC-BY-NC,35.509243,-93.322463,132,Danaus plexippus,Monarch
8366996,10/9/2017 13:30,10/9/2017,research,CC-BY-NC,35.509243,-93.322463,132,Danaus plexippus,Monarch
8366997,10/9/2017 13:30,10/9/2017,research,CC-BY-NC,35.509243,-93.322463,132,Danaus plexippus,Monarch
8366999,10/9/2017 13:29,10/9/2017,research,CC-BY-NC,35.509243,-93.322463,132,Danaus plexippus,Monarch
8367001,10/9/2017 13:26,10/9/2017,research,CC-BY-NC,35.509243,-93.322463,132,Danaus plexippus,Monarch
8367002,10/9/2017 13:23,10/9/2017,research,CC-BY-NC,35.509243,-93.322463,132,Danaus plexippus,Monarch
8372546,10/12/2017,10/12/2017,casual,CC-BY-NC,35.767267,-90.704455,,Danaus plexippus,Monarch
8372777,10/8/2017,10/8/2017,casual,CC-BY-NC,36.284524,-92.52767,,Danaus plexippus,Monarch
8374040,10/12/2017,10/12/2017,casual,CC-BY-NC,36.469127,-93.837951,53,Danaus plexippus,Monarch
8388506,10/6/2017,10/6/2017,casual,CC-BY-NC,36.082156,-94.171854,15319,Danaus plexippus,Monarch
8388517,10/13/2017,10/13/2017,casual,CC-BY-NC,36.181338,-93.976182,53,Danaus plexippus,Monarch
8388533,10/13/2017,10/13/2017,casual,CC-BY-NC,36.12331,-93.81438,107,Danaus plexippus,Monarch
8389469,Fri Oct 13 2017 15:20:30 GMT-0500 (CDT),10/13/2017,research,CC-BY-NC,35.03079793,-92.2327748,5,Danaus plexippus,Monarch
8397728,Sat Oct 14 2017 09:00:20 GMT-0500 (CDT),10/14/2017,research,CC-BY-NC,36.20707167,-93.12118617,,Danaus plexippus,Monarch
8398471,Sat Oct 14 2017 10:09:53 GMT-0500 (CDT),10/14/2017,research,CC-BY-NC,36.09771358,-94.1283899,5,Danaus plexippus,Monarch
8398497,Sat Oct 14 2017 10:12:31 GMT-0500 (CDT),10/14/2017,research,CC-BY-NC,36.09777871,-94.12843114,5,Danaus plexippus,Monarch
8400506,2017-10-14 12:30 p.m.,10/14/2017,casual,CC-BY-NC,34.836893,-92.405726,,Danaus plexippus,Monarch
8400608,Sat Oct 14 2017 12:51:19 GMT-0500 (CDT),10/14/2017,casual,CC-BY-NC-SA,34.60454484,-92.48294549,64,Danaus plexippus,Monarch
8400756,8/24/2017 12:56,8/24/2017,research,CC-BY-NC,36.2261815,-92.6848876,2630,Danaus plexippus,Monarch
8401312,2017/10/14 12:57 PM UTC,10/14/2017,research,,34.80774549,-92.21568704,8,Danaus plexippus,Monarch
8424127,Fri Oct 13 2017 21:00:25 GMT-0500 (CDT),10/13/2017,casual,CC-BY-NC,,,357,Danaus plexippus,Monarch
8426947,10/13/2017,10/13/2017,casual,CC-BY-NC,35.073441,-92.41559,108,Danaus plexippus,Monarch
8427009,10/12/2017 9:33,10/12/2017,research,CC-BY-NC,35.0706863,-91.8768163,193,Danaus plexippus,Monarch
8427436,10/14/2017,10/14/2017,casual,CC-BY-NC,36.471717,-92.608395,854,Danaus plexippus,Monarch
8427761,10/14/2017,10/14/2017,casual,CC-BY-NC,35.349254,-94.320016,193,Danaus plexippus,Monarch
8428966,10/16/2017,10/16/2017,casual,CC-BY-NC,34.962122,-92.377964,27,Danaus plexippus,Monarch
8440350,10/12/2017,10/12/2017,casual,CC-BY-NC,35.270949,-92.766955,,Danaus plexippus,Monarch
8444016,10/17/2017,10/17/2017,research,CC-BY-NC,35.375471,-93.409463,39776,Danaus plexippus,Monarch
8454702,10/17/2017,10/17/2017,casual,CC-BY-NC,35.054119,-93.390607,,Danaus plexippus,Monarch
8455023,10/18/2017,10/18/2017,casual,CC-BY-NC,34.629727,-92.501937,194,Danaus plexippus,Monarch
8456202,2017-10-18 10:45 a.m.,10/18/2017,casual,CC-BY-NC,34.837749,-92.410794,56383,Danaus plexippus,Monarch
8458983,10/18/2017,10/18/2017,casual,CC-BY-NC,33.153936,-93.897228,444,Danaus plexippus,Monarch
8458990,10/18/2017,10/18/2017,casual,CC-BY-NC,33.772869,-93.762817,3536,Danaus plexippus,Monarch
8460615,Tue Oct 17 2017 14:28:45 GMT-0500 (CDT),10/17/2017,research,CC-BY-NC,36.07798113,-94.11643575,73,Danaus plexippus,Monarch
8460729,Wed Oct 18 2017 13:42:31 GMT-0500 (CDT),10/18/2017,research,CC-BY-NC,36.136513,-94.119354,24,Danaus plexippus,Monarch
8464797,10/17/2017,10/17/2017,research,CC-BY-NC,33.729298,-91.815904,27,Danaus plexippus,Monarch
8464798,10/17/2017,10/17/2017,research,CC-BY-NC,33.729298,-91.815904,27,Danaus plexippus,Monarch
8464845,10/18/2017,10/18/2017,casual,CC-BY-NC,33.676387,-91.692726,27,Danaus plexippus,Monarch
8466427,2017-10-19 10:30 a.m.,10/19/2017,casual,CC-BY-NC,34.803077,-92.400126,218,Danaus plexippus,Monarch
8469431,10/19/2017,10/19/2017,casual,CC-BY-NC,35.814653,-90.705614,,Danaus plexippus,Monarch
8472092,Thu Oct 19 2017 11:29:38 GMT-0500 (CDT),10/19/2017,research,,34.61755,-92.49534667,,Danaus plexippus,Monarch
8472098,Mon Oct 16 2017 14:16:08 GMT-0500 (CDT),10/16/2017,research,,34.793725,-92.44905833,,Danaus plexippus,Monarch
8472145,Wed Oct 18 2017 10:05:00 GMT-0500 (CDT),10/18/2017,casual,,34.80402745,-92.46014676,20,Danaus plexippus,Monarch
8477556,10/19/2017,10/19/2017,research,CC-BY-NC,33.918972,-93.613072,,Danaus plexippus,Monarch
8477606,10/11/2017,10/11/2017,casual,CC-BY-NC,33.62552,-92.83244,,Danaus plexippus,Monarch
8481043,2017/10/17 11:41 AM CDT,10/17/2017,research,CC-BY-NC,36.41231526,-90.62384024,2,Danaus plexippus,Monarch
8483247,Fri Oct 20 2017 18:35:02 GMT-0500 (CDT),10/20/2017,casual,CC-BY-NC,35.02809662,-92.40973365,1612,Danaus plexippus,Monarch
8496929,2017/10/21 1:39 PM CDT,10/21/2017,research,CC-BY-NC,35.50857918,-93.32551003,31,Danaus plexippus,Monarch
8496930,2017/10/21 1:40 PM CDT,10/21/2017,research,CC-BY-NC,35.50861411,-93.32555294,31,Danaus plexippus,Monarch
8496931,2017/10/21 3:43 PM CDT,10/21/2017,research,CC-BY-NC,35.50934773,-93.32194805,61,Danaus plexippus,Monarch
8505213,10/21/2017,10/21/2017,casual,CC-BY-NC,34.135103,-93.057174,6,Danaus plexippus,Monarch
8545941,10/25/2017,10/25/2017,casual,CC-BY-NC,34.629727,-92.501937,194,Danaus plexippus,Monarch
8545955,10/25/2017,10/25/2017,casual,CC-BY-NC,34.629727,-92.501937,194,Danaus plexippus,Monarch
8545972,10/25/2017,10/25/2017,casual,CC-BY-NC,35.307145,-92.401654,194,Danaus plexippus,Monarch
8548450,10/25/2017,10/25/2017,casual,CC-BY-NC,33.33979,-91.962572,55,Danaus plexippus,Monarch
8548510,10/25/2017,10/25/2017,research,CC-BY-NC,33.339037,-91.959997,55,Danaus plexippus,Monarch
8548560,10/25/2017,10/25/2017,research,CC-BY-NC,33.338123,-91.960062,55,Danaus plexippus,Monarch
8548570,10/25/2017,10/25/2017,casual,CC-BY-NC,33.33575,-91.952884,110,Danaus plexippus,Monarch
8548689,10/19/2017,10/19/2017,casual,CC-BY-NC,35.285117,-91.320376,216,Danaus plexippus,Monarch
8621929,10/17/2017,10/17/2017,research,CC-BY-NC,35.997049,-94.163121,53,Danaus plexippus,Monarch
8621959,10/18/2017,10/18/2017,casual,CC-BY-NC,36.445001,-93.889241,26,Danaus plexippus,Monarch
8720677,10/22/2017,10/22/2017,research,CC-BY-NC,36.079415,-91.681819,,Danaus plexippus,Monarch
8826818,11/12/2017,11/12/2017,casual,CC-BY-NC,35.515401,-93.32561,3901,Danaus plexippus,Monarch
8957097,10/21/2017,10/21/2017,research,CC-BY-NC,35.258807,-90.214244,54,Danaus plexippus,Monarch
9565471,2017/09/08 10:06 AM CDT,9/8/2017,research,CC-BY-NC,34.2353213,-92.00034857,291,Danaus plexippus,Monarch
9758942,2017/09/07 9:43 AM CDT,9/7/2017,research,CC-BY-NC,34.95726988,-92.40743279,40,Danaus plexippus,Monarch
10423187,"2018-03-23, 3:15 p.m.",3/23/2018,casual,CC-BY-NC,33.015861,-92.988281,56160,Danaus plexippus,Monarch
10513180,2018/03/29 5:46 PM CDT,3/29/2018,research,CC-BY-NC,33.31403498,-93.34731907,17,Danaus plexippus,Monarch
10568823,3/31/2018,3/31/2018,casual,CC-BY-NC,35.029745,-92.230388,,Danaus plexippus,Monarch
10612853,4/1/2018,4/1/2018,casual,CC-BY-NC,33.03836,-92.353191,1384,Danaus plexippus,Monarch
10612868,4/3/2018,4/3/2018,casual,CC-BY-NC,35.030634,-92.318511,,Danaus plexippus,Monarch
10612907,4/3/2018,4/3/2018,casual,CC-BY-NC,34.987265,-92.354543,,Danaus plexippus,Monarch
10619518,3/29/2018,3/29/2018,research,CC-BY-NC,35.079418,-91.362392,,Danaus plexippus,Monarch
10620122,4/3/2018,4/3/2018,casual,CC-BY-NC,34.471347,-92.843727,54,Danaus plexippus,Monarch
10623697,Wed Apr 04 2018 16:39:37 GMT-0500 (CDT),4/4/2018,research,,34.10815629,-91.37624648,10524,Danaus plexippus,Monarch
10638711,,,casual,CC-BY-NC,,,,Danaus plexippus,Monarch
10638764,4/1/2018,4/1/2018,casual,CC-BY-NC,33.574593,-92.730081,13,Danaus plexippus,Monarch
10659720,3/23/2018,3/23/2018,casual,CC-BY-NC,34.50148,-92.63655,,Danaus plexippus,Monarch
10659746,3/23/2018,3/23/2018,casual,CC-BY-NC,,,,Danaus plexippus,Monarch
10659800,3/25/2018,3/25/2018,casual,CC-BY-NC,34.501482,-92.636552,3873,Danaus plexippus,Monarch
10659812,3/31/2018,3/31/2018,casual,CC-BY-NC,34.501482,-92.636552,3873,Danaus plexippus,Monarch
10659822,4/4/2018,4/4/2018,casual,CC-BY-NC,34.501482,-92.636552,3873,Danaus plexippus,Monarch
10745122,2018-04-09 3:24:00 PM CDT,4/9/2018,casual,CC-BY-NC,34.77762906,-91.72612522,344,Danaus plexippus,Monarch
10747151,2018-04-09 3:18:00 PM CDT,4/9/2018,casual,CC-BY-NC,34.77741343,-91.72514521,344,Danaus plexippus,Monarch
10784168,Wed Apr 11 2018 16:57:46 GMT-0500 (CDT),4/11/2018,research,CC-BY-NC,35.03073953,-92.23289919,32,Danaus plexippus,Monarch
10790449,Wed Apr 11 2018 16:30:17 GMT-0500 (CDT),4/11/2018,casual,CC-BY-NC-SA,36.08236437,-94.16517973,65,Danaus plexippus,Monarch
10810751,Wed Apr 11 2018 12:15:00 GMT-0500 (CDT),4/11/2018,casual,CC-BY-NC,34.790912,-92.316227,873,Danaus plexippus,Monarch
10818569,4/12/2018,4/12/2018,research,CC-BY-NC,35.142371,-92.412808,1048397,Danaus plexippus,Monarch
10834729,4/12/2018 13:30,4/12/2018,casual,CC-BY-NC,34.93460244,-92.8905201,61,Danaus plexippus,Monarch
10834833,4/12/2018 13:45,4/12/2018,casual,CC-BY-NC,34.93157671,-92.96328306,2,Danaus plexippus,Monarch
10834931,4/12/2018 14:30,4/12/2018,casual,CC-BY-NC,34.93331828,-92.89203286,15,Danaus plexippus,Monarch
10864746,2018-04-13 1:17:09 PM CDT,4/13/2018,casual,CC-BY-NC,34.5066043,-92.0939044,16,Danaus plexippus,Monarch
10865318,4/12/2018,4/12/2018,casual,CC-BY-NC,36.283371,-92.312347,1708,Danaus plexippus,Monarch
10873286,Thu Apr 12 2018 12:17:00 GMT-0500 (CDT),4/12/2018,research,,34.63025377,-92.52151329,10,Danaus plexippus,Monarch
10875306,4/12/2018,4/12/2018,casual,CC-BY-NC,35.066282,-92.360129,217,Danaus plexippus,Monarch
11011880,4/12/2018,4/12/2018,casual,CC-BY-NC,34.921792,-91.898343,196,Danaus plexippus,Monarch
11068036,4/17/2018,4/17/2018,casual,CC-BY-NC,34.836202,-92.4102,194,Danaus plexippus,Monarch
11075890,4/17/2018 13:19,4/17/2018,casual,CC-BY-NC,35.47780489,-93.46637696,8,Danaus plexippus,Monarch
11076240,4/13/2018,4/13/2018,casual,CC-BY-NC,35.812802,-91.545639,56383,Danaus plexippus,Monarch
11076355,4/17/2018 13:30,4/17/2018,casual,CC-BY-NC,35.51358991,-93.32642332,4,Danaus plexippus,Monarch
11117675,4/18/2018,4/18/2018,casual,CC-BY-NC,34.833311,-92.403794,194,Danaus plexippus,Monarch
11122184,2018-04-18 11:48:55 AM CDT,4/18/2018,casual,CC-BY-NC,34.57769748,-92.20653162,64,Danaus plexippus,Monarch
11124686,2018-04-18 12:48:30 PM CDT,4/18/2018,casual,CC-BY-NC,34.5505356,-92.2595004,600,Danaus plexippus,Monarch
11124760,2018-04-18 12:50:24 PM CDT,4/18/2018,casual,CC-BY-NC,34.55865267,-92.23471251,24,Danaus plexippus,Monarch
11126250,2018-04-18 1:20:32 PM CDT,4/18/2018,casual,CC-BY-NC,34.5709318,-92.2788902,1899,Danaus plexippus,Monarch
11163605,4/12/2018,4/12/2018,casual,CC-BY-NC,,,,Danaus plexippus,Monarch
11163649,4/17/2018,4/17/2018,casual,CC-BY-NC,,,,Danaus plexippus,Monarch
11163713,4/17/2018,4/17/2018,casual,CC-BY-NC,35.332719,-94.286539,,Danaus plexippus,Monarch
11163774,4/18/2018,4/18/2018,casual,CC-BY-NC,35.324624,-94.274839,108,Danaus plexippus,Monarch
11164406,4/17/2018,4/17/2018,casual,CC-BY-NC,34.999555,-92.354665,217,Danaus plexippus,Monarch
11179128,4/19/2018,4/19/2018,casual,CC-BY-NC,34.840128,-92.40632,,Danaus plexippus,Monarch
11226378,Fri Apr 20 2018 12:27:44 GMT-0500 (CDT),4/20/2018,research,,35.13864332,-93.05986411,1998,Danaus plexippus,Monarch
11249665,4/20/2018,4/20/2018,casual,CC-BY-NC,35.334954,-94.297112,200,Danaus plexippus,Monarch
11257905,4/20/2018 13:00,4/20/2018,casual,CC-BY-NC,34.924786,-92.86356926,31,Danaus plexippus,Monarch
11257956,4/20/2018 15:30,4/20/2018,casual,CC-BY-NC,34.93101377,-92.85148859,31,Danaus plexippus,Monarch
11285971,2018-04-21 10:39:11 AM CDT,4/21/2018,research,,36.04338259,-90.66206474,16511,Danaus plexippus,Monarch
11316010,4/21/2018 12:00,4/21/2018,casual,CC-BY-NC,34.91030549,-92.88487673,31,Danaus plexippus,Monarch
11393585,4/24/2018,4/24/2018,casual,CC-BY-NC,34.831208,-92.40442,,Danaus plexippus,Monarch
11393606,4/24/2018,4/24/2018,casual,CC-BY-NC,34.835604,-92.408239,,Danaus plexippus,Monarch
11393870,2018-04-24 11:34:10 AM CDT,4/24/2018,casual,CC-BY-NC,34.91650703,-92.5676215,32,Danaus plexippus,Monarch
11397280,2018-04-24 1:25:23 PM CDT,4/24/2018,casual,CC-BY-NC,34.9250638,-92.5574082,3000,Danaus plexippus,Monarch
11450064,4/24/2018,4/24/2018,casual,CC-BY-NC,36.07889,-94.165041,,Danaus plexippus,Monarch
11450117,4/24/2018,4/24/2018,casual,CC-BY-NC,36.078887,-94.165038,,Danaus plexippus,Monarch
11453881,4/24/2018,4/24/2018,research,CC-BY-NC,33.803587,-93.812303,,Danaus plexippus,Monarch
11524090,,,casual,CC-BY-NC,,,,Danaus plexippus,Monarch
11524250,4/27/2018,4/27/2018,casual,CC-BY-NC,34.96119,-92.379622,27,Danaus plexippus,Monarch
11996927,4/27/2018,4/27/2018,research,CC-BY-NC,35.029745,-92.230388,,Danaus plexippus,Monarch
12010881,5/1/2018,5/1/2018,casual,CC-BY-NC,36.26014362,-92.46310361,,Danaus plexippus,Monarch
12052166,5/1/2018,5/1/2018,research,CC-BY-NC,36.060174,-93.137541,429,Danaus plexippus,Monarch
12055117,4/29/2018,4/29/2018,research,CC-BY-NC,34.297677,-91.254423,13,Danaus plexippus,Monarch
12060285,5/2/2018,5/2/2018,casual,CC-BY-NC,36.28496119,-92.40473336,107,Danaus plexippus,Monarch
12117139,2018/04/29 4:40 PM CDT,4/29/2018,casual,CC-BY-NC,35.51029094,-93.31658363,464,Danaus plexippus,Monarch
12448636,Mon May 14 2018 09:16:36 GMT-0500 (CDT),5/14/2018,research,,36.38109863,-94.2041356,19,Danaus plexippus,Monarch
12454594,6-May-18,5/6/2018,research,CC-BY-NC,34.297709,-91.254434,56383,Danaus plexippus,Monarch
12470716,Tue May 08 2018 11:37:53 GMT-0500 (CDT),5/8/2018,research,CC-BY-NC,36.07700009,-94.11606116,906,Danaus plexippus,Monarch
12472034,5/7/2018,5/7/2018,casual,CC-BY-NC,36.136513,-94.119354,,Danaus plexippus,Monarch
12510223,Tue May 15 2018 10:42:24 GMT-0500 (CDT),5/15/2018,casual,CC-BY-NC,36.10436982,-94.18385038,116,Danaus plexippus,Monarch
12542687,5/5/2018,5/5/2018,casual,CC-BY-NC,33.803587,-93.812303,,Danaus plexippus,Monarch
12542775,4/11/2018,4/11/2018,casual,CC-BY-NC,34.744246,-92.341247,218,Danaus plexippus,Monarch
12542803,4/11/2018,4/11/2018,casual,CC-BY-NC,34.501482,-92.636552,3873,Danaus plexippus,Monarch
12542812,4/12/2018,4/12/2018,casual,CC-BY-NC,34.501482,-92.636552,3873,Danaus plexippus,Monarch
12542823,4/13/2018,4/13/2018,casual,CC-BY-NC,34.501482,-92.636552,3873,Danaus plexippus,Monarch
12542841,4/16/2018,4/16/2018,casual,CC-BY-NC,34.501482,-92.636552,3873,Danaus plexippus,Monarch
12542855,4/20/2018,4/20/2018,casual,CC-BY-NC,35.12751,-92.919868,3873,Danaus plexippus,Monarch
12542865,5/5/2018,5/5/2018,casual,CC-BY-NC,35.820378,-95.674149,3347,Danaus plexippus,Monarch
12542875,5/6/2018,5/6/2018,casual,CC-BY-NC,35.820378,-95.674149,3347,Danaus plexippus,Monarch
12594149,Thu May 17 2018 19:04:06 GMT-0500 (CDT),5/17/2018,research,CC-BY-NC,36.07825833,-94.11615,231,Danaus plexippus,Monarch
12665926,Wed Mar 28 2018 18:10:08 GMT-0500 (CDT),3/28/2018,research,CC-BY-NC,34.75177,-92.28150833,5,Danaus plexippus,Monarch
12707432,4/30/2018,4/30/2018,casual,CC-BY-NC,34.778466,-92.379723,199,Danaus plexippus,Monarch
12707445,5/7/2018,5/7/2018,casual,CC-BY-NC,34.778466,-92.379723,199,Danaus plexippus,Monarch
12716192,Thu May 17 2018 10:11:28 GMT-0500 (CDT),5/17/2018,research,,36.380945,-94.20449667,5,Danaus plexippus,Monarch
12903139,5/28/2018,5/28/2018,research,CC-BY-NC,34.973303,-91.835951,57594,Danaus plexippus,Monarch
12926832,5/25/2018,5/25/2018,research,CC-BY-NC,35.029745,-92.230388,,Danaus plexippus,Monarch
12952402,5/28/2018,5/28/2018,casual,CC-BY-NC,36.329786,-93.023757,2664,Danaus plexippus,Monarch
12952439,5/29/2018,5/29/2018,casual,CC-BY-NC,36.329786,-93.023757,2664,Danaus plexippus,Monarch
13001899,Thu May 31 2018 19:01:05 GMT-0500 (CDT),5/31/2018,research,CC-BY-NC,36.10657783,-94.18646167,5,Danaus plexippus,Monarch
13112508,2018-06-03 2:03:00 PM CDT,6/3/2018,research,,35.7834998,-90.6980925,50,Danaus plexippus,Monarch
13114717,6/1/2018,6/1/2018,casual,CC-BY-NC,34.778466,-92.379723,199,Danaus plexippus,Monarch
13425029,6/6/2018,6/6/2018,casual,CC-BY-NC,34.778466,-92.379723,199,Danaus plexippus,Monarch
13425076,6/9/2018,6/9/2018,casual,CC-BY-NC,34.778466,-92.379723,199,Danaus plexippus,Monarch
13454316,5/16/2018,5/16/2018,research,CC-BY-NC,34.512546,-91.276784,54,Danaus plexippus,Monarch
13454498,6/14/2018,6/14/2018,research,CC-BY-NC,34.512546,-91.276784,54,Danaus plexippus,Monarch
13482970,6/15/2018,6/15/2018,research,CC-BY-NC,34.512504,-91.276678,27,Danaus plexippus,Monarch
13551394,6/18/2018,6/18/2018,casual,CC-BY-NC,36.140813,-94.108381,,Danaus plexippus,Monarch
13780118,6/19/2018,6/19/2018,casual,CC-BY-NC,34.778466,-92.379723,199,Danaus plexippus,Monarch
13780141,6/19/2018,6/19/2018,casual,CC-BY-NC,34.778466,-92.379723,199,Danaus plexippus,Monarch
13809198,Tue Jun 26 2018 09:51:02 GMT-0500 (CDT),6/26/2018,casual,CC-BY-NC,35.10309693,-91.5342412,22,Danaus plexippus,Monarch
13899468,Wed Jun 20 2018 13:05:00 GMT-0500 (CDT),6/20/2018,casual,CC-BY-NC,36.13731081,-94.1199989,22,Danaus plexippus,Monarch
13899628,Fri Jun 15 2018 13:16:36 GMT-0500 (CDT),6/15/2018,needs_id,CC-BY-NC,36.13608439,-94.11942942,17,Danaus plexippus,Monarch
14030511,Tue Jul 03 2018 15:17:06 GMT-0500 (CDT),7/3/2018,research,CC-BY-NC,36.14715283,-94.120475,1498,Danaus plexippus,Monarch
14068895,Tue Jul 03 2018 14:54:44 GMT-0500 (CDT),7/3/2018,casual,CC-BY-NC,36.13597642,-94.11948876,76,Danaus plexippus,Monarch
14092337,7/5/2018,7/5/2018,casual,CC-BY-NC,36.136513,-94.119354,56383,Danaus plexippus,Monarch
14255315,Fri Jul 06 2018 11:37:52 GMT-0500 (CDT),7/6/2018,research,CC-BY-NC,36.1365695,-94.1204695,5,Danaus plexippus,Monarch
14270296,2018-07-11 3:25:09 PM CDT,7/11/2018,research,CC-BY-NC,36.49721,-91.528779,20,Danaus plexippus,Monarch
14287501,2018-05-08 2:43:07 PM CDT,5/8/2018,casual,CC-BY-NC,33.6396563,-91.39351,3500,Danaus plexippus,Monarch
14287504,2018-05-08 2:57:49 PM CDT,5/8/2018,casual,CC-BY-NC,33.632994,-91.3953202,2700,Danaus plexippus,Monarch
14314808,Fri Jul 13 2018 09:08:38 GMT-0500 (CDT),7/13/2018,research,CC-BY-NC,36.04702989,-94.22044025,8,Danaus plexippus,Monarch
14327796,2018-07-10 11:25:00 AM CDT,7/10/2018,casual,CC-BY-NC,34.75879543,-92.75289461,5626,Danaus plexippus,Monarch
14336290,Fri Jul 13 2018 13:35:30 GMT-0500 (CDT),7/13/2018,research,CC-BY-NC,36.380845,-94.2044,10,Danaus plexippus,Monarch
14515555,Thu Jul 19 2018 10:15:46 GMT-0500 (CDT),7/19/2018,research,CC-BY-NC,36.22095833,-94.1526555,6,Danaus plexippus,Monarch
14614662,Sun Jul 22 2018 13:51:27 GMT-0500 (CDT),7/22/2018,research,CC-BY-NC,35.04164468,-92.3584073,22,Danaus plexippus,Monarch
14678283,Mon Jul 23 2018 10:09:54 GMT-0500 (CDT),7/23/2018,casual,CC-BY-NC,36.38087833,-94.20438333,5,Danaus plexippus,Monarch
14678364,Mon Jul 23 2018 10:09:54 GMT-0500 (CDT),7/23/2018,research,CC-BY-NC,36.38087833,-94.20438333,5,Danaus plexippus,Monarch
14678393,Mon Jul 23 2018 10:16:23 GMT-0500 (CDT),7/23/2018,research,CC-BY-NC,36.38084667,-94.20433833,10,Danaus plexippus,Monarch
14687979,7/21/2018,7/21/2018,research,CC-BY-NC,34.73915,-92.407696,8,Danaus plexippus,Monarch
14691495,7/23/2018,7/23/2018,research,CC-BY-NC,36.403555,-94.452289,4019,Danaus plexippus,Monarch
14691815,7/9/2018,7/9/2018,casual,CC-BY-NC,34.845261,-92.216346,196,Danaus plexippus,Monarch
14733633,Wed Jul 25 2018 19:11:37 GMT-0500 (CDT),7/25/2018,research,CC-BY-NC,35.07638883,-92.41329167,12,Danaus plexippus,Monarch
14799916,2018-07-27 at 2:13 PM,7/27/2018,research,CC-BY-NC,36.040023,-94.203953,3446,Danaus plexippus,Monarch
14804632,Fri Jul 27 2018 16:57:29 GMT-0500 (CDT),7/27/2018,research,CC-BY-NC,35.03927253,-92.35691296,22,Danaus plexippus,Monarch
15073275,Fri Aug 03 2018 09:50:34 GMT-0500 (CDT),8/3/2018,needs_id,CC-BY-NC,34.83702833,-92.40582167,5,Danaus plexippus,Monarch
15077024,Fri Aug 03 2018 11:35:43 GMT-0500 (CDT),8/3/2018,research,CC-BY-NC,35.10022783,-94.02140833,8,Danaus plexippus,Monarch
15081156,Fri Aug 03 2018 14:10:13 GMT-0500 (CDT),8/3/2018,research,CC-BY-NC,35.0416972,-92.3583836,21,Danaus plexippus,Monarch
15083976,2018/08/03 10:44 AM CDT,8/3/2018,research,CC-BY-NC,34.56488526,-92.34670859,8,Danaus plexippus,Monarch
15085440,8/2/2018,8/2/2018,needs_id,CC-BY-NC,34.748714,-92.415472,27,Danaus plexippus,Monarch
15105256,2018-08-04 10:59:47 AM CDT,8/4/2018,casual,CC-BY-NC,35.12792798,-92.83961266,32,Danaus plexippus,Monarch
15105903,Sat Aug 04 2018 10:06:00 GMT-0500 (CDT),8/4/2018,research,CC-BY-NC,36.10545,-94.19069667,5,Danaus plexippus,Monarch
15106039,Sat Aug 04 2018 10:03:05 GMT-0500 (CDT),8/4/2018,research,CC-BY-NC,36.10547217,-94.19065,5,Danaus plexippus,Monarch
15134752,2018-08-05 9:42:47 AM CDT,8/5/2018,casual,CC-BY-NC,34.6871692,-92.0994688,3400,Danaus plexippus,Monarch
15170816,7/28/2018,7/28/2018,casual,CC-BY-NC,36.397936,-94.449916,4019,Danaus plexippus,Monarch
15170828,7/31/2018,7/31/2018,casual,CC-BY-NC,36.397936,-94.449916,4019,Danaus plexippus,Monarch
15170888,7/22/2018,7/22/2018,research,CC-BY-NC,35.079166,-92.329808,196,Danaus plexippus,Monarch
15218082,Sun Aug 05 2018 10:42:55 GMT-0500 (CDT),8/5/2018,research,CC-BY-NC,36.20401667,-94.22776167,10,Danaus plexippus,Monarch
15231122,8/7/2018,8/7/2018,research,CC-BY-NC,36.407335,-94.453034,213,Danaus plexippus,Monarch
15241723,7/30/2018 9:30,7/30/2018,casual,CC-BY-NC,35.896417,-90.696898,6,Danaus plexippus,Monarch
15359571,Fri Aug 10 2018 14:20:10 GMT-0500 (CDT),8/10/2018,casual,CC-BY-NC,36.07781687,-94.11647737,50,Danaus plexippus,Monarch
15360482,Sun Aug 12 2018 14:31:23 GMT-0500 (CDT),8/12/2018,casual,CC-BY-NC,35.86321052,-94.30743121,102,Danaus plexippus,Monarch
15385457,Mon Aug 13 2018 08:09:03 GMT-0500 (CDT),8/13/2018,research,CC-BY-NC,36.20404619,-94.22744463,5,Danaus plexippus,Monarch
15403035,Mon Aug 13 2018 08:19:19 GMT-0500 (CDT),8/13/2018,research,CC-BY-NC,36.20421174,-94.22758771,10,Danaus plexippus,Monarch
15457132,2018-08-15 2:59:52 PM CDT,8/15/2018,casual,CC-BY-NC,34.5291271,-92.2192087,3799,Danaus plexippus,Monarch
15490088,Mon Aug 13 2018 16:39:00 GMT-0500 (CDT),8/13/2018,research,CC-BY-NC,34.89415333,-92.1357805,8,Danaus plexippus,Monarch
15500742,2018/08/16 1:50 PM CDT,8/16/2018,research,CC-BY-NC,34.83676667,-92.40598333,65,Danaus plexippus,Monarch
15521504,8/16/2018,8/16/2018,research,CC-BY-NC,35.4688,-94.144,,Danaus plexippus,Monarch
15521508,8/16/2018,8/16/2018,research,CC-BY-NC,35.4688,-94.144,,Danaus plexippus,Monarch
15521531,8/16/2018,8/16/2018,research,CC-BY-NC,35.4688,-94.144,,Danaus plexippus,Monarch
15561310,Fri Aug 17 2018 06:57:30 GMT-0500 (CDT),8/17/2018,research,CC-BY-NC,36.20411082,-94.22768829,5,Danaus plexippus,Monarch
15567088,8/4/2018,8/4/2018,research,CC-BY-NC,34.598733,-92.999187,,Danaus plexippus,Monarch
15567264,8/16/2018,8/16/2018,research,CC-BY-NC,34.598733,-92.999187,,Danaus plexippus,Monarch
15567373,8/16/2018,8/16/2018,research,CC-BY-NC,34.598733,-92.999187,,Danaus plexippus,Monarch
15576461,8/11/2018,8/11/2018,casual,CC-BY-NC,33.803587,-93.812303,,Danaus plexippus,Monarch
15578031,8/15/2018,8/15/2018,research,CC-BY-NC,36.263411,-94.231873,8246,Danaus plexippus,Monarch
15578840,2018-08-17 1:02:26 PM CDT,8/17/2018,casual,CC-BY-NC,34.4554501,-92.1964643,3799,Danaus plexippus,Monarch
15587645,2018-08-16 9:32:00 AM CDT,8/16/2018,research,CC-BY-NC,36.10540771,-94.19168091,,Danaus plexippus,Monarch
15683380,Sun Aug 19 2018 07:24:41 GMT-0500 (CDT),8/19/2018,research,CC-BY-NC,36.20399951,-94.22746358,10,Danaus plexippus,Monarch
15684397,Sun Aug 19 2018 08:21:39 GMT-0500 (CDT),8/19/2018,research,CC-BY-NC,36.21435333,-94.16034717,16,Danaus plexippus,Monarch
15710958,Sun Aug 19 2018 19:06:42 GMT-0500 (CDT),8/19/2018,research,CC-BY-NC,36.07806667,-94.1162555,5,Danaus plexippus,Monarch
15711004,Sun Aug 19 2018 19:06:11 GMT-0500 (CDT),8/19/2018,research,CC-BY-NC,36.07806667,-94.1162555,5,Danaus plexippus,Monarch
15723265,Mon Aug 20 2018 09:33:07 GMT-0500 (CDT),8/20/2018,research,CC-BY-NC,36.20410717,-94.22772408,5,Danaus plexippus,Monarch
15727442,8/19/2018,8/19/2018,casual,CC-BY-NC,34.778466,-92.379723,199,Danaus plexippus,Monarch
15727459,8/19/2018,8/19/2018,casual,CC-BY-NC,34.778466,-92.379723,199,Danaus plexippus,Monarch
15733165,8/18/2018,8/18/2018,casual,CC-BY-NC,35.258726,-90.216344,216,Danaus plexippus,Monarch
15733166,8/18/2018,8/18/2018,casual,CC-BY-NC,35.258726,-90.216344,216,Danaus plexippus,Monarch
15733209,8/14/2018,8/14/2018,casual,CC-BY-NC,33.458423,-91.534276,443,Danaus plexippus,Monarch
15759144,Tue Aug 21 2018 12:33:56 GMT-0500 (CDT),8/21/2018,research,,35.55625221,-92.46216513,5251,Danaus plexippus,Monarch
15792791,2018-08-22 3:38:36 PM CDT,8/22/2018,research,CC-BY-NC,36.06210709,-94.16009521,,Danaus plexippus,Monarch
15810080,8/22/2018,8/22/2018,casual,CC-BY-NC,36.297067,-93.041868,3428,Danaus plexippus,Monarch
15812307,Thu Aug 23 2018 09:30:45 GMT-0500 (CDT),8/23/2018,research,CC-BY-NC,36.20406057,-94.22758914,10,Danaus plexippus,Monarch
15817967,Thu Aug 23 2018 12:32:52 GMT-0500 (CDT),8/23/2018,research,,36.38082782,-94.20447922,10,Danaus plexippus,Monarch
15821420,8/23/2018,8/23/2018,research,CC-BY-NC,34.598733,-92.999187,,Danaus plexippus,Monarch
15839678,Fri Aug 24 2018 07:12:48 GMT-0500 (CDT),8/24/2018,research,CC-BY-NC,36.20420247,-94.22786197,5,Danaus plexippus,Monarch
15845069,2018-08-24 10:43:10 AM CDT,8/24/2018,casual,CC-BY-NC,34.8729221,-92.7377008,1600,Danaus plexippus,Monarch
15849150,8/23/2018,8/23/2018,casual,CC-BY-NC,34.845261,-92.216346,196,Danaus plexippus,Monarch
15849180,8/24/2018,8/24/2018,casual,CC-BY-NC,35.615739,-92.085014,196,Danaus plexippus,Monarch
15883667,Sat Aug 25 2018 11:50:11 GMT-0500 (CDT),8/25/2018,research,CC-BY-NC,36.0653695,-94.23290333,5,Danaus plexippus,Monarch
15883776,Sat Aug 25 2018 14:27:52 GMT-0500 (CDT),8/25/2018,casual,CC-BY-NC,36.06693079,-94.23372247,129,Danaus plexippus,Monarch
15944384,8/26/2018,8/26/2018,casual,CC-BY-NC,34.973509,-91.835723,,Danaus plexippus,Monarch
15953729,8/24/2018,8/24/2018,casual,CC-BY-NC,35.594286,-91.260445,432,Danaus plexippus,Monarch
15953770,8/25/2018,8/25/2018,casual,CC-BY-NC,35.707005,-92.566685,4028,Danaus plexippus,Monarch
15953848,8/25/2018,8/25/2018,research,CC-BY-NC,34.598733,-92.999187,4028,Danaus plexippus,Monarch
15953917,8/27/2018,8/27/2018,casual,CC-BY-NC,34.778466,-92.379723,199,Danaus plexippus,Monarch
15954001,8/27/2018,8/27/2018,casual,CC-BY-NC,33.803587,-93.812303,199,Danaus plexippus,Monarch
16002085,2018/08/29 8:48 AM CDT,8/29/2018,research,CC-BY-NC,34.83696108,-92.40575278,,Danaus plexippus,Monarch
16025421,Wed Aug 29 2018 14:47:42 GMT-0500 (CDT),8/29/2018,research,,36.3645954,-94.29591765,671,Danaus plexippus,Monarch
16030620,2018-08-24 11:23:49 AM CDT,8/24/2018,casual,CC-BY-NC,34.8521971,-92.770358,3599,Danaus plexippus,Monarch
16031100,2018-08-30 11:14:23 AM CDT,8/30/2018,casual,CC-BY-NC,35.19073837,-91.59296025,22,Danaus plexippus,Monarch
16031936,2018/08/28 10:24 AM CDT,8/28/2018,research,CC-BY-NC,34.67994934,-92.23183106,309,Danaus plexippus,Monarch
16055666,2018-08-23 7:23:07 PM CDT,8/23/2018,research,CC-BY-NC,36.10970306,-94.20236206,,Danaus plexippus,Monarch
16074562,Fri Aug 31 2018 12:41:48 GMT-0500 (CDT),8/31/2018,research,CC-BY-NC-SA,36.07309607,-94.16071737,65,Danaus plexippus,Monarch
16074845,Fri Aug 31 2018 12:45:38 GMT-0500 (CDT),8/31/2018,research,CC-BY-NC-SA,36.07276568,-94.16068411,5,Danaus plexippus,Monarch
16075555,2018-08-31 12:42:56 PM CDT,8/31/2018,research,CC-BY-NC,36.10728073,-94.20139313,,Danaus plexippus,Monarch
16077101,2018-08-31 11:03:19 AM CDT,8/31/2018,research,CC-BY-NC,36.10742569,-94.20162964,,Danaus plexippus,Monarch
16078170,8/31/2018,8/31/2018,research,CC-BY-NC,34.606864,-92.357091,194,Danaus plexippus,Monarch
16098771,2018-09-01 9:31:58 AM CDT,9/1/2018,casual,CC-BY-NC,34.82020561,-91.95940342,16,Danaus plexippus,Monarch
16100770,Sat Sep 01 2018 09:58:33 GMT-0500 (CDT),9/1/2018,research,CC-BY-NC-SA,36.07361644,-94.1606754,22,Danaus plexippus,Monarch
16101416,Sat Sep 01 2018 10:58:33 GMT-0500 (CDT),9/1/2018,research,CC-BY-NC,36.206249,-94.22820495,5,Danaus plexippus,Monarch
16105414,Sat Sep 01 2018 13:09:10 GMT-0500 (CDT),9/1/2018,research,CC-BY-NC,36.20403945,-94.22753784,10,Danaus plexippus,Monarch
16106297,Sat Sep 01 2018 13:17:28 GMT-0500 (CDT),9/1/2018,research,CC-BY-NC,36.20410793,-94.2276862,5,Danaus plexippus,Monarch
16130568,Sun Sep 02 2018 08:38:26 GMT-0500 (CDT),9/2/2018,research,CC-BY-NC,36.20419019,-94.22780153,30,Danaus plexippus,Monarch
16202793,Tue Sep 04 2018 09:35:58 GMT-0500 (CDT),9/4/2018,research,CC-BY-NC,34.83703909,-92.4058062,10,Danaus plexippus,Monarch
16205527,Tue Sep 04 2018 11:17:42 GMT-0500 (CDT),9/4/2018,casual,CC-BY-NC-SA,36.08219111,-94.16517294,22,Danaus plexippus,Monarch
16206847,Tue Sep 04 2018 12:06:29 GMT-0500 (CDT),9/4/2018,casual,CC-BY-NC,34.7220688,-92.33758413,5,Danaus plexippus,Monarch
16215359,Tue Sep 04 2018 16:14:16 GMT-0500 (CDT),9/4/2018,research,,36.365375,-94.29493667,65,Danaus plexippus,Monarch
16215404,Tue Sep 04 2018 13:23:05 GMT-0500 (CDT),9/4/2018,research,,36.36525,-94.29506667,5,Danaus plexippus,Monarch
16221841,Mon Sep 03 2018 14:48:02 GMT-0500 (CDT),9/3/2018,research,CC-BY-NC,35.862995,-94.30719667,165,Danaus plexippus,Monarch
16231571,Wed Sep 05 2018 10:20:08 GMT-0500 (CDT),9/5/2018,research,CC-BY-NC-SA,36.07199484,-94.16185324,65,Danaus plexippus,Monarch
16232147,Wed Sep 05 2018 10:47:36 GMT-0500 (CDT),9/5/2018,research,CC-BY-NC-SA,36.07351697,-94.16166546,22,Danaus plexippus,Monarch
16236847,9/5/2018,9/5/2018,casual,CC-BY-NC,36.26812,-93.084984,428,Danaus plexippus,Monarch
16241173,Wed Sep 05 2018 15:58:05 GMT-0500 (CDT),9/5/2018,research,,36.365045,-94.29403,5,Danaus plexippus,Monarch
16261953,9/5/2018,9/5/2018,research,CC-BY-NC,35.222857,-92.491692,54,Danaus plexippus,Monarch
16273590,Thu Sep 06 2018 19:12:15 GMT-0500 (CDT),9/6/2018,casual,CC-BY-NC-SA,36.07343426,-94.16087966,30,Danaus plexippus,Monarch
16303388,Fri Sep 07 2018 18:50:08 GMT-0500 (CDT),9/7/2018,research,CC-BY-NC-SA,36.0730308,-94.16086072,5,Danaus plexippus,Monarch
16359068,Sun Sep 09 2018 07:58:01 GMT-0500 (CDT),9/9/2018,research,,34.80802167,-92.21589667,8,Danaus plexippus,Monarch
16372235,2018-09-09 6:05:00 PM CDT,9/9/2018,research,CC-BY-NC,34.739112,-92.407593,,Danaus plexippus,Monarch
16386435,9/9/2018,9/9/2018,research,CC-BY-NC,34.973509,-91.835723,,Danaus plexippus,Monarch
16391455,Mon Sep 10 2018 11:04:27 GMT-0500 (CDT),9/10/2018,research,CC-BY-NC,36.20413902,-94.22799214,10,Danaus plexippus,Monarch
16402122,Mon Sep 10 2018 17:18:36 GMT-0500 (CDT),9/10/2018,research,CC-BY-NC,34.8369383,-92.40575063,10,Danaus plexippus,Monarch
16402672,2018/09/10 9:52 AM CDT,9/10/2018,research,CC-BY-NC,34.95941089,-92.40693948,50,Danaus plexippus,Monarch
16404452,Mon Sep 10 2018 18:47:30 GMT-0500 (CDT),9/10/2018,research,CC-BY-NC-SA,36.09704418,-94.13385521,5,Danaus plexippus,Monarch
16433342,9/2/2018,9/2/2018,research,CC-BY-NC,34.747027,-92.33019,,Danaus plexippus,Monarch
16448347,Wed Sep 12 2018 06:52:31 GMT-0500 (CDT),9/12/2018,research,CC-BY-NC,36.20406882,-94.2275722,5,Danaus plexippus,Monarch
16451016,9/8/2018 10:00,9/8/2018,research,CC-BY-NC,34.74535147,-92.33114828,,Danaus plexippus,Monarch
16484765,9/1/2018,9/1/2018,casual,CC-BY-NC,34.598733,-92.999187,,Danaus plexippus,Monarch
16588741,9/16/2018 9:50,9/16/2018,research,CC-BY-NC,,,244,Danaus plexippus,Monarch
16615822,Sat Sep 15 2018 10:19:48 GMT-0500 (CDT),9/15/2018,research,CC-BY-NC,36.10512217,-94.18441667,50,Danaus plexippus,Monarch
16616318,Sun Sep 09 2018 17:26:56 GMT-0500 (CDT),9/9/2018,research,CC-BY-NC,36.078,-94.11616383,114,Danaus plexippus,Monarch
16629122,2018/09/16 3:52 PM CDT,9/16/2018,research,CC-BY-NC,34.83684442,-92.40564722,,Danaus plexippus,Monarch
16646460,9/17/2018,9/17/2018,casual,CC-BY-NC,36.37004567,-92.55220413,15,Danaus plexippus,Monarch
16651616,2018-07-24 2:50:51 PM CDT,7/24/2018,research,,36.06183243,-94.16013336,,Danaus plexippus,Monarch
16670412,9/16/2018,9/16/2018,casual,CC-BY-NC,34.700552,-93.06263,1508,Danaus plexippus,Monarch
16673048,9/11/2018,9/11/2018,research,CC-BY-NC,34.552216,-92.339956,,Danaus plexippus,Monarch
16678561,9/3/2018,9/3/2018,casual,CC-BY-NC,36.184759,-94.55799,194,Danaus plexippus,Monarch
16678581,8/23/2018,8/23/2018,casual,CC-BY-NC,36.184759,-94.55799,194,Danaus plexippus,Monarch
16678584,9/4/2018,9/4/2018,casual,CC-BY-NC,36.184759,-94.55799,194,Danaus plexippus,Monarch
16715691,Thu Sep 20 2018 09:04:51 GMT-0500 (CDT),9/20/2018,research,CC-BY-NC,36.20425327,-94.2279421,30,Danaus plexippus,Monarch
16870764,9/20/2018,9/20/2018,casual,CC-BY-NC,34.780397,-92.394554,,Danaus plexippus,Monarch
16878666,2018/09/24 11:56 AM CDT,9/24/2018,research,CC-BY-NC,34.81645965,-92.45713956,188,Danaus plexippus,Monarch
16879568,Mon Sep 03 2018 11:26:44 GMT-0500 (CDT),9/3/2018,research,CC-BY-NC,34.54453623,-93.57645454,35,Danaus plexippus,Monarch
16996974,2018-09-28 10:17:45 AM CDT,9/28/2018,casual,CC-BY-NC,35.2615448,-91.208077,3200,Danaus plexippus,Monarch
17027648,Sat Sep 29 2018 10:11:28 GMT-0500 (CDT),9/29/2018,casual,CC-BY-NC-SA,36.08205463,-94.15531576,10,Danaus plexippus,Monarch
17029911,2018-09-28 10:13:52 AM CDT,9/28/2018,research,CC-BY-NC,36.10521317,-94.18913271,352,Danaus plexippus,Monarch
17040198,Fri Sep 28 2018 14:38:28 GMT-0500 (CDT),9/28/2018,research,CC-BY-NC,36.136525,-94.1199945,5,Danaus plexippus,Monarch
17117541,2018/10/01 12:07 PM CDT,10/1/2018,research,CC-BY-NC,34.81452515,-92.40459519,252,Danaus plexippus,Monarch
17126535,9/29/2018,9/29/2018,casual,CC-BY-NC,36.22785,-93.117015,,Danaus plexippus,Monarch
17126576,9/30/2018,9/30/2018,casual,CC-BY-NC,36.22785,-93.117015,,Danaus plexippus,Monarch
17126847,9/29/2018,9/29/2018,casual,CC-BY-NC,36.184072,-94.140661,217,Danaus plexippus,Monarch
17131799,10/2/2018,10/2/2018,research,CC-BY-NC,34.768773,-92.430638,194,Danaus plexippus,Monarch
17187527,Thu Oct 04 2018 09:55:33 GMT-0500 (CDT),10/4/2018,research,,36.36497278,-94.2940407,10,Danaus plexippus,Monarch
17187614,Thu Oct 04 2018 09:59:14 GMT-0500 (CDT),10/4/2018,research,,36.36494667,-94.29441167,65,Danaus plexippus,Monarch
17253588,Sat Oct 06 2018 13:44:08 GMT-0500 (CDT),10/6/2018,research,CC-BY-NC,36.204078,-94.22761822,10,Danaus plexippus,Monarch
17253662,Sat Oct 06 2018 13:48:55 GMT-0500 (CDT),10/6/2018,research,CC-BY-NC,36.20416408,-94.22767513,5,Danaus plexippus,Monarch
17253722,Sat Oct 06 2018 13:49:58 GMT-0500 (CDT),10/6/2018,needs_id,CC-BY-NC,36.20408337,-94.22762509,10,Danaus plexippus,Monarch
17253749,Sat Oct 06 2018 13:49:22 GMT-0500 (CDT),10/6/2018,research,,35.94936667,-94.11167783,30,Danaus plexippus,Monarch
17299548,Fri Oct 05 2018 12:13:24 GMT-0500 (CDT),10/5/2018,needs_id,,34.41967,-93.0605555,5,Danaus plexippus,Monarch
17316343,2018-10-08 9:21:54 AM CDT,10/8/2018,casual,CC-BY-NC,35.1754346,-91.7640744,2900,Danaus plexippus,Monarch
17329240,2018-10-08 3:33:59 PM CDT,10/8/2018,casual,CC-BY-NC,35.17154622,-91.60467882,11,Danaus plexippus,Monarch
17370491,2018-08-24 9:17:32 AM CDT,8/24/2018,research,,35.22854903,-93.22397903,263,Danaus plexippus,Monarch
17426010,2018-10-10 12:47:00 AM CDT,10/10/2018,casual,CC-BY-NC,34.56665909,-92.1811945,6,Danaus plexippus,Monarch
17426166,2018-10-09 8:39:54 AM CDT,10/9/2018,research,CC-BY-NC,36.02721311,-94.20681953,704,Danaus plexippus,Monarch
17508767,Sun Oct 14 2018 15:33:46 GMT-0500 (CDT),10/14/2018,research,,35.79613174,-93.62808213,12179,Danaus plexippus,Monarch
17531439,10/9/2018,10/9/2018,casual,CC-BY-NC,36.396051,-94.444794,213,Danaus plexippus,Monarch
17531540,10/14/2018,10/14/2018,research,CC-BY-NC,34.62972,-92.501964,196,Danaus plexippus,Monarch
17531612,10/11/2018,10/11/2018,casual,CC-BY-NC,34.778466,-92.379723,199,Danaus plexippus,Monarch
17531623,10/12/2018,10/12/2018,casual,CC-BY-NC,34.778466,-92.379723,199,Danaus plexippus,Monarch
17531627,10/14/2018,10/14/2018,casual,CC-BY-NC,34.778466,-92.379723,199,Danaus plexippus,Monarch
17531675,10/14/2018,10/14/2018,casual,CC-BY-NC,36.239415,-93.133345,199,Danaus plexippus,Monarch
17531741,10/14/2018 10:10,10/14/2018,casual,CC-BY-NC,35.0297449,-92.2303877,165,Danaus plexippus,Monarch
17534961,10/14/2018,10/14/2018,casual,CC-BY-NC,,,,Danaus plexippus,Monarch
17535081,Sun Oct 14 2018 12:54:39 GMT-0500 (CDT),10/14/2018,research,CC-BY-NC,36.07798333,-94.11620283,65,Danaus plexippus,Monarch
17535107,Sun Oct 14 2018 13:18:58 GMT-0500 (CDT),10/14/2018,research,CC-BY-NC,36.07804167,-94.11634717,10,Danaus plexippus,Monarch
17564174,10/14/2018,10/14/2018,casual,CC-BY-NC,35.383448,-92.215656,,Danaus plexippus,Monarch
17573788,9/6/2018,9/6/2018,research,CC-BY-NC,36.250688,-92.243731,,Danaus plexippus,Monarch
17575161,9/14/2018,9/14/2018,research,CC-BY-NC,36.481464,-94.273264,12578,Danaus plexippus,Monarch
17575679,2018-10-0215:00,,casual,CC-BY-NC,36.481464,-94.273264,12578,Danaus plexippus,Monarch
17575782,10/4/2018,10/4/2018,needs_id,CC-BY-NC,36.481464,-94.273264,12578,Danaus plexippus,Monarch
17593558,Wed Oct 17 2018 10:11:15 GMT-0500 (CDT),10/17/2018,research,,,,22,Danaus plexippus,Monarch
17595759,2018/10/17 10:11 AM CDT,10/17/2018,research,CC-BY-NC,34.85155833,-92.41445278,,Danaus plexippus,Monarch
17597266,Wed Oct 17 2018 12:12:48 GMT-0500 (CDT),10/17/2018,research,CC-BY-NC-SA,36.07355161,-94.16397301,10,Danaus plexippus,Monarch
17605471,"2018-10-17, today at 10:00 am",,casual,CC-BY-NC,36.481464,-94.273264,12578,Danaus plexippus,Monarch
17619734,10/17/2018,10/17/2018,casual,CC-BY-NC,35.521601,-91.999683,13,Danaus plexippus,Monarch
17620416,10/16/2018,10/16/2018,casual,CC-BY-NC,36.254381,-93.104917,,Danaus plexippus,Monarch
17620452,10/14/2018,10/14/2018,research,CC-BY-NC,36.082156,-94.171854,15319,Danaus plexippus,Monarch
17620491,9/19/2018,9/19/2018,research,CC-BY-NC,34.855572,-92.417925,15319,Danaus plexippus,Monarch
17620514,10/6/2018 9:35,10/6/2018,casual,CC-BY-NC,34.86763243,-92.40317974,244,Danaus plexippus,Monarch
17620544,10/14/2018,10/14/2018,casual,CC-BY-NC,34.849832,-92.405095,,Danaus plexippus,Monarch
17620556,10/17/2018,10/17/2018,casual,CC-BY-NC,36.229794,-93.107677,6559,Danaus plexippus,Monarch
17620570,10/17/2018,10/17/2018,casual,CC-BY-NC,36.266325,-93.028405,4349,Danaus plexippus,Monarch
17626047,10/14/2018,10/14/2018,casual,CC-BY-NC,34.768773,-92.430638,194,Danaus plexippus,Monarch
17651339,Fri Oct 19 2018 10:07:31 GMT-0500 (CDT),10/19/2018,casual,,34.74483413,-92.40871263,20,Danaus plexippus,Monarch
17701150,10/20/2018 13:34,10/20/2018,research,CC-BY-NC,35.508817,-93.322265,6,Danaus plexippus,Monarch
17701151,10/20/2018 15:42,10/20/2018,research,CC-BY-NC,35.509904,-93.32362,26,Danaus plexippus,Monarch
17701152,10/20/2018 15:42,10/20/2018,research,CC-BY-NC,35.509908,-93.323606,26,Danaus plexippus,Monarch
17701154,10/20/2018 15:24,10/20/2018,research,CC-BY-NC,35.508561,-93.320882,53,Danaus plexippus,Monarch
17701157,10/20/2018 15:23,10/20/2018,research,CC-BY-NC,35.50809,-93.320912,53,Danaus plexippus,Monarch
17701160,10/20/2018 15:22,10/20/2018,research,CC-BY-NC,35.508002,-93.321037,18,Danaus plexippus,Monarch
17701162,10/20/2018 13:36,10/20/2018,research,CC-BY-NC,35.508669,-93.322267,13,Danaus plexippus,Monarch
17701164,10/20/2018 13:34,10/20/2018,research,CC-BY-NC,35.508841,-93.322373,13,Danaus plexippus,Monarch
17701168,10/20/2018 13:30,10/20/2018,research,CC-BY-NC,35.508834,-93.322693,13,Danaus plexippus,Monarch
17701169,10/20/2018 13:29,10/20/2018,research,CC-BY-NC,35.508738,-93.32281,13,Danaus plexippus,Monarch
17701173,10/14/2018 13:39,10/14/2018,research,CC-BY-NC,35.512099,-93.31652,53,Danaus plexippus,Monarch
17701932,Wed Oct 17 2018 12:32:21 GMT-0500 (CDT),10/17/2018,research,,35.94509167,-94.1138305,5,Danaus plexippus,Monarch
17724750,10/20/2018 13:42,10/20/2018,research,CC-BY-NC,35.508725,-93.321251,26,Danaus plexippus,Monarch
17747072,2018-10-22  12:10 CST,10/22/2018,casual,CC-BY-NC,34.595927,-92.489047,7912,Danaus plexippus,Monarch
17753161,10/22/2018,10/22/2018,casual,CC-BY-NC,36.395351,-94.275144,26,Danaus plexippus,Monarch
17754707,Mon Oct 22 2018 16:47:05 GMT-0500 (CDT),10/22/2018,research,CC-BY-NC,35.0417174,-92.35834849,6,Danaus plexippus,Monarch
17758537,2018/10/22 1:10 PM CDT,10/22/2018,research,CC-BY-NC,34.72882547,-92.35826227,28,Danaus plexippus,Monarch
17767897,10/22/2018,10/22/2018,casual,CC-BY-NC,34.671539,-92.382538,54,Danaus plexippus,Monarch
17770408,Tue Oct 16 2018 13:55:34 GMT-0500 (CDT),10/16/2018,research,CC-BY-NC,36.18686667,-94.13163883,50,Danaus plexippus,Monarch
17770433,Tue Oct 16 2018 13:55:46 GMT-0500 (CDT),10/16/2018,research,CC-BY-NC,36.18700333,-94.13194167,65,Danaus plexippus,Monarch
17770450,Mon Oct 15 2018 14:54:37 GMT-0500 (CDT),10/15/2018,research,CC-BY-NC,36.13716383,-94.11991117,10,Danaus plexippus,Monarch
17857606,10/19/2018,10/19/2018,casual,CC-BY-NC,34.235653,-92.118302,312,Danaus plexippus,Monarch
17857629,10/21/2018,10/21/2018,casual,CC-BY-NC,35.384247,-92.215707,3825,Danaus plexippus,Monarch
17857679,10/14/2018,10/14/2018,casual,CC-BY-NC,35.924248,-94.188539,5771,Danaus plexippus,Monarch
17857698,10/22/2018,10/22/2018,casual,CC-BY-NC,35.367302,-92.409601,2691,Danaus plexippus,Monarch
17857796,10/22/2018,10/22/2018,casual,CC-BY-NC,34.62972,-92.501964,196,Danaus plexippus,Monarch
17857833,10/20/2018,10/20/2018,research,CC-BY-NC,33.803587,-93.812303,196,Danaus plexippus,Monarch
17857934,10/21/2018,10/21/2018,research,CC-BY-NC,36.082156,-94.171854,15319,Danaus plexippus,Monarch
17857982,10/19/2018,10/19/2018,casual,CC-BY-NC,34.768773,-92.430638,194,Danaus plexippus,Monarch
17906746,2018-10-28 11:50:28 AM CDT,10/28/2018,casual,CC-BY-NC,34.8707208,-92.1305388,22,Danaus plexippus,Monarch
17915171,2018/10/28 2:19 PM CDT,10/28/2018,research,CC-BY-NC,34.56949326,-92.34425304,22,Danaus plexippus,Monarch
17925522,2018/10/28 2:34 PM CDT,10/28/2018,research,CC-BY-NC,34.56531653,-92.34442511,4,Danaus plexippus,Monarch
17925524,2018/10/28 2:35 PM CDT,10/28/2018,research,CC-BY-NC,34.56527015,-92.34426418,13,Danaus plexippus,Monarch
17935756,Mon Oct 29 2018 10:53:35 GMT-0500 (CDT),10/29/2018,research,,34.793705,-92.44911167,10,Danaus plexippus,Monarch
17940131,10/28/2018,10/28/2018,casual,CC-BY-NC,33.803587,-93.812303,,Danaus plexippus,Monarch
17940203,10/28/2018,10/28/2018,casual,CC-BY-NC,34.778466,-92.379723,199,Danaus plexippus,Monarch
17951006,2018/10/29 12:45 PM CDT,10/29/2018,research,CC-BY-NC,34.73001404,-92.35620416,24,Danaus plexippus,Monarch
17959457,10/29/2018,10/29/2018,research,CC-BY-NC,34.5993,-92.999,,Danaus plexippus,Monarch
17985960,2018/10/30 5:47 PM CDT,10/30/2018,research,CC-BY-NC,33.31425613,-93.34665982,36,Danaus plexippus,Monarch
17994952,2018-10-30 1:29:00 PM CDT,10/30/2018,casual,CC-BY-NC,35.0231136,-92.50934668,6,Danaus plexippus,Monarch
18010331,Wed Oct 17 2018 16:19:55 GMT-0500 (CDT),10/17/2018,research,CC-BY-NC,36.136475,-94.11991117,10,Danaus plexippus,Monarch
18059518,2018-10-28 12:00:00 PM CDT,10/28/2018,casual,CC-BY-NC,35.50931525,-91.99142721,44,Danaus plexippus,Monarch
18063240,Sat Nov 03 2018 12:43:44 GMT-0500 (CDT),11/3/2018,research,CC-BY-NC-SA,34.57495869,-92.56392997,10,Danaus plexippus,Monarch
18064493,2018-11-03 1:19:32 PM CDT,11/3/2018,research,CC-BY-NC,34.46245546,-92.96498151,9,Danaus plexippus,Monarch
18064742,Sat Nov 03 2018 12:36:43 GMT-0500 (CDT),11/3/2018,research,,34.79359167,-92.449295,10,Danaus plexippus,Monarch
18066244,2018-11-03 2:00:00 PM CDT,11/3/2018,research,CC-BY-NC,34.2999803,-92.4147284,11,Danaus plexippus,Monarch
18066754,Sat Nov 03 2018 14:27:56 GMT-0500 (CDT),11/3/2018,research,CC-BY-NC,35.03782155,-92.36341088,6,Danaus plexippus,Monarch
18070120,Sat Nov 03 2018 16:04:26 GMT-0500 (CDT),11/3/2018,research,CC-BY-NC,35.0415648,-92.35838089,22,Danaus plexippus,Monarch
18096600,Sun Nov 04 2018 12:31:19 GMT-0600 (CST),11/4/2018,research,CC-BY-NC-SA,34.57481277,-92.56397804,38,Danaus plexippus,Monarch
18127642,11/2/2018,11/2/2018,research,CC-BY-NC,34.599,-92.999,,Danaus plexippus,Monarch
18136982,10/30/2018,10/30/2018,research,CC-BY-NC,34.533,-92.999,,Danaus plexippus,Monarch
18521987,2018/08/10 5:16 PM CDT,8/10/2018,research,CC-BY-NC,34.75168333,-92.28161667,65,Danaus plexippus,Monarch
18522174,10/18/2018,10/18/2018,casual,CC-BY-NC,35.335525,-94.03838,197,Danaus plexippus,Monarch
18522228,10/18/2018 13:40,10/18/2018,casual,CC-BY-NC,35.3591111,-93.9975556,197,Danaus plexippus,Monarch
18675351,10/9/2018,10/9/2018,research,CC-BY-NC,36.395495,-94.444279,,Danaus plexippus,Monarch
18675382,10/9/2018,10/9/2018,research,CC-BY-NC,36.3927,-91.790033,,Danaus plexippus,Monarch
18800173,10/19/2018,10/19/2018,research,CC-BY-NC,33.324462,-92.656869,6,Danaus plexippus,Monarch
18814572,2018-11-24 1pm,11/24/2018,casual,CC-BY-NC,33.420908,-92.316253,55246,Danaus plexippus,Monarch
